gender,age_years,age_months,sd_minus_3,sd_minus_2,sd_minus_1,median,sd_plus_1,sd_plus_2,sd_plus_3
male,5,1,12.1,13.0,14.1,15.3,16.6,18.3,20.2
male,5,2,12.1,13.0,14.1,15.3,16.6,18.3,20.2
male,5,3,12.1,13.0,14.1,15.3,16.7,18.3,20.2
male,5,4,12.1,13.0,14.1,15.3,16.7,18.3,20.3
male,5,5,12.1,13.0,14.1,15.3,16.7,18.3,20.3
male,5,6,12.1,13.0,14.1,15.3,16.7,18.4,20.4
male,5,7,12.1,13.0,14.1,15.3,16.7,18.4,20.4
male,5,8,12.1,13.0,14.1,15.3,16.7,18.4,20.5
male,5,9,12.1,13.0,14.1,15.3,16.7,18.4,20.5
male,5,10,12.1,13.0,14.1,15.3,16.7,18.5,20.6
male,5,11,12.1,13.0,14.1,15.3,16.7,18.5,20.6
male,6,0,12.1,13.0,14.1,15.3,16.8,18.5,20.7
male,6,1,12.1,13.0,14.1,15.3,16.8,18.6,20.8
male,6,2,12.2,13.1,14.1,15.3,16.8,18.6,20.8
male,6,3,12.2,13.1,14.1,15.3,16.8,18.6,20.9
male,6,4,12.2,13.1,14.1,15.4,16.8,18.7,21.0
male,6,5,12.2,13.1,14.1,15.4,16.9,18.7,21.0
male,6,6,12.2,13.1,14.1,15.4,16.9,18.7,21.1
male,6,7,12.2,13.1,14.1,15.4,16.9,18.8,21.2
male,6,8,12.2,13.1,14.2,15.4,16.9,18.8,21.3
male,6,9,12.2,13.1,14.2,15.4,17.0,18.9,21.3
male,6,10,12.2,13.1,14.2,15.4,17.0,18.9,21.4
male,6,11,12.2,13.1,14.2,15.5,17.0,19.0,21.5
male,7,0,12.2,13.1,14.2,15.5,17.0,19.0,21.6
male,7,1,12.3,13.2,14.2,15.5,17.1,19.1,21.7
male,7,2,12.3,13.2,14.2,15.5,17.1,19.1,21.8
male,7,3,12.3,13.2,14.2,15.5,17.1,19.2,21.9
male,7,4,12.3,13.2,14.3,15.6,17.2,19.2,21.9
male,7,5,12.3,13.2,14.3,15.6,17.2,19.3,22.0
male,7,6,12.3,13.2,14.3,15.6,17.2,19.3,22.1
male,7,7,12.3,13.2,14.3,15.6,17.3,19.4,22.2
male,7,8,12.3,13.2,14.3,15.6,17.3,19.4,22.4
male,7,9,12.4,13.3,14.3,15.7,17.3,19.5,22.5
male,7,10,12.4,13.3,14.4,15.7,17.4,19.6,22.6
male,7,11,12.4,13.3,14.4,15.7,17.4,19.6,22.7
male,8,0,12.4,13.3,14.4,15.7,17.4,19.7,22.8
male,8,1,12.4,13.3,14.4,15.8,17.5,19.7,22.9
male,8,2,12.4,13.3,14.4,15.8,17.5,19.8,23.0
male,8,3,12.4,13.3,14.4,15.8,17.5,19.9,23.1
male,8,4,12.4,13.4,14.5,15.8,17.6,19.9,23.3
male,8,5,12.5,13.4,14.5,15.9,17.6,20.0,23.4
male,8,6,12.5,13.4,14.5,15.9,17.7,20.1,23.5
male,8,7,12.5,13.4,14.5,15.9,17.7,20.1,23.6
male,8,8,12.5,13.4,14.5,15.9,17.7,20.2,23.8
male,8,9,12.5,13.4,14.6,16.0,17.8,20.3,23.9
male,8,10,12.5,13.5,14.6,16.0,17.8,20.3,24.0
male,8,11,12.5,13.5,14.6,16.0,17.9,20.4,24.2
male,9,0,12.6,13.5,14.6,16.0,17.9,20.5,24.3
male,9,1,12.6,13.5,14.6,16.1,18.0,20.5,24.4
male,9,2,12.6,13.5,14.7,16.1,18.0,20.6,24.6
male,9,3,12.6,13.5,14.7,16.1,18.0,20.7,24.7
male,9,4,12.6,13.6,14.7,16.2,18.1,20.8,24.9
male,9,5,12.6,13.6,14.7,16.2,18.1,20.8,25.0
male,9,6,12.7,13.6,14.8,16.2,18.2,20.9,25.1
male,9,7,12.7,13.6,14.8,16.3,18.2,21.0,25.3
male,9,8,12.7,13.6,14.8,16.3,18.3,21.1,25.5
male,9,9,12.7,13.7,14.8,16.3,18.3,21.2,25.6
male,9,10,12.7,13.7,14.9,16.4,18.4,21.2,25.8
male,9,11,12.8,13.7,14.9,16.4,18.4,21.3,25.9
male,10,0,12.8,13.7,14.9,16.4,18.5,21.4,26.1
male,10,1,12.8,13.8,15.0,16.5,18.5,21.5,26.2
male,10,2,12.8,13.8,15.0,16.5,18.6,21.6,26.4
male,10,3,12.8,13.8,15.0,16.6,18.6,21.7,26.6
male,10,4,12.9,13.8,15.0,16.6,18.7,21.7,26.7
male,10,5,12.9,13.9,15.1,16.6,18.8,21.8,26.9
male,10,6,12.9,13.9,15.1,16.7,18.8,21.9,27.0
male,10,7,12.9,13.9,15.1,16.7,18.9,22.0,27.2
male,10,8,13.0,13.9,15.2,16.8,18.9,22.1,27.4
male,10,9,13.0,14.0,15.2,16.8,19.0,22.2,27.5
male,10,10,13.0,14.0,15.2,16.9,19.0,22.3,27.7
male,10,11,13.0,14.0,15.3,16.9,19.1,22.4,27.9
male,11,0,13.1,14.1,15.3,16.9,19.2,22.5,28.0
male,11,1,13.1,14.1,15.3,17.0,19.2,22.5,28.2
male,11,2,13.1,14.1,15.4,17.0,19.3,22.6,28.4
male,11,3,13.1,14.1,15.4,17.1,19.3,22.7,28.5
male,11,4,13.2,14.2,15.5,17.1,19.4,22.8,28.7
male,11,5,13.2,14.2,15.5,17.2,19.5,22.9,28.8
male,11,6,13.2,14.2,15.5,17.2,19.5,23.0,29.0
male,11,7,13.2,14.3,15.6,17.3,19.6,23.1,29.2
male,11,8,13.3,14.3,15.6,17.3,19.7,23.2,29.3
male,11,9,13.3,14.3,15.7,17.4,19.7,23.3,29.5
male,11,10,13.3,14.4,15.7,17.4,19.8,23.4,29.6
male,11,11,13.4,14.4,15.7,17.5,19.9,23.5,29.8
male,12,0,13.4,14.5,15.8,17.5,19.9,23.6,30.0
male,12,1,13.4,14.5,15.8,17.6,20.0,23.7,30.1
male,12,2,13.5,14.5,15.9,17.6,20.1,23.8,30.3
male,12,3,13.5,14.6,15.9,17.7,20.2,23.9,30.4
male,12,4,13.5,14.6,16.0,17.8,20.2,24.0,30.6
male,12,5,13.6,14.6,16.0,17.8,20.3,24.1,30.7
male,12,6,13.6,14.7,16.1,17.9,20.4,24.2,30.9
male,12,7,13.6,14.7,16.1,17.9,20.4,24.3,31.0
male,12,8,13.7,14.8,16.2,18.0,20.5,24.4,31.1
male,12,9,13.7,14.8,16.2,18.0,20.6,24.5,31.3
male,12,10,13.7,14.8,16.3,18.1,20.7,24.6,31.4
male,12,11,13.8,14.9,16.3,18.2,20.8,24.7,31.6
male,13,0,13.8,14.9,16.4,18.2,20.8,24.8,31.7
male,13,1,13.8,15.0,16.4,18.3,20.9,24.9,31.8
male,13,2,13.9,15.0,16.5,18.4,21.0,25.0,31.9
male,13,3,13.9,15.1,16.5,18.4,21.1,25.1,32.1
male,13,4,14.0,15.1,16.6,18.5,21.1,25.2,32.2
male,13,5,14.0,15.2,16.6,18.6,21.2,25.2,32.3
male,13,6,14.0,15.2,16.7,18.6,21.3,25.3,32.4
male,13,7,14.1,15.2,16.7,18.7,21.4,25.4,32.6
male,13,8,14.1,15.3,16.8,18.7,21.5,25.5,32.7
male,13,9,14.1,15.3,16.8,18.8,21.5,25.6,32.8
male,13,10,14.2,15.4,16.9,18.9,21.6,25.7,32.9
male,13,11,14.2,15.4,16.9,18.9,21.7,25.8,33.0
male,14,0,14.3,15.5,17.0,19.0,21.8,25.9,33.1
male,14,1,14.3,15.5,17.1,19.1,21.8,26.0,33.2
male,14,2,14.3,15.6,17.1,19.1,21.9,26.1,33.3
male,14,3,14.4,15.6,17.2,19.2,22.0,26.2,33.4
male,14,4,14.4,15.7,17.2,19.3,22.1,26.3,33.5
male,14,5,14.5,15.7,17.3,19.3,22.2,26.4,33.5
male,14,6,14.5,15.7,17.3,19.4,22.2,26.5,33.6
male,14,7,14.5,15.8,17.4,19.5,22.3,26.5,33.7
male,14,8,14.6,15.8,17.4,19.5,22.4,26.6,33.8
male,14,9,14.6,15.9,17.5,19.6,22.5,26.7,33.9
male,14,10,14.6,15.9,17.5,19.6,22.5,26.8,33.9
male,14,11,14.7,16.0,17.6,19.7,22.6,26.9,34.0
male,15,0,14.7,16.0,17.6,19.8,22.7,27.0,34.1
male,15,1,14.7,16.1,17.7,19.8,22.8,27.1,34.1
male,15,2,14.8,16.1,17.8,19.9,22.8,27.1,34.2
male,15,3,14.8,16.1,17.8,20.0,22.9,27.2,34.3
male,15,4,14.8,16.2,17.9,20.0,23.0,27.3,34.3
male,15,5,14.9,16.2,17.9,20.1,23.0,27.4,34.4
male,15,6,14.9,16.3,18.0,20.1,23.1,27.4,34.5
male,15,7,14.9,16.3,18.0,20.2,23.2,27.5,34.5
male,15,8,15.0,16.3,18.1,20.3,23.3,27.6,34.6
male,15,9,15.0,16.4,18.1,20.3,23.3,27.7,34.6
male,15,10,15.0,16.4,18.2,20.4,23.4,27.7,34.7
male,15,11,15.1,16.5,18.2,20.4,23.5,27.8,34.7
male,16,0,15.1,16.5,18.2,20.5,23.5,27.9,34.8
male,16,1,15.1,16.5,18.3,20.6,23.6,27.9,34.8
male,16,2,15.2,16.6,18.3,20.6,23.7,28.0,34.8
male,16,3,15.2,16.6,18.4,20.7,23.7,28.1,34.9
male,16,4,15.2,16.7,18.4,20.7,23.8,28.1,34.9
male,16,5,15.3,16.7,18.5,20.8,23.8,28.2,35.0
male,16,6,15.3,16.7,18.5,20.8,23.9,28.3,35.0
male,16,7,15.3,16.8,18.6,20.9,24.0,28.3,35.0
male,16,8,15.3,16.8,18.6,20.9,24.0,28.4,35.1
male,16,9,15.4,16.8,18.7,21.0,24.1,28.5,35.1
male,16,10,15.4,16.9,18.7,21.0,24.2,28.5,35.1
male,16,11,15.4,16.9,18.7,21.1,24.2,28.6,35.2
male,17,0,15.4,16.9,18.8,21.1,24.3,28.6,35.2
male,17,1,15.5,17.0,18.8,21.2,24.3,28.7,35.2
male,17,2,15.5,17.0,18.9,21.2,24.4,28.7,35.2
male,17,3,15.5,17.0,18.9,21.3,24.4,28.8,35.3
male,17,4,15.5,17.1,18.9,21.3,24.5,28.9,35.3
male,17,5,15.6,17.1,19.0,21.4,24.5,28.9,35.3
male,17,6,15.6,17.1,19.0,21.4,24.6,29.0,35.3
male,17,7,15.6,17.1,19.1,21.5,24.7,29.0,35.4
male,17,8,15.6,17.2,19.1,21.5,24.7,29.1,35.4
male,17,9,15.6,17.2,19.1,21.6,24.8,29.1,35.4
male,17,10,15.7,17.2,19.2,21.6,24.8,29.1,35.4
male,17,11,15.7,17.3,19.2,21.7,24.9,29.2,35.4
male,18,0,15.7,17.3,19.2,21.7,24.9,29.2,35.4
male,18,1,15.7,17.3,19.3,21.8,25.0,29.3,35.4
male,18,2,15.7,17.3,19.3,21.8,25.0,29.3,35.5
male,18,3,15.7,17.4,19.3,21.8,25.1,29.4,35.5
male,18,4,15.8,17.4,19.4,21.9,25.1,29.4,35.5
male,18,5,15.8,17.4,19.4,21.9,25.1,29.5,35.5
male,18,6,15.8,17.4,19.4,22.0,25.2,29.5,35.5
male,18,7,15.8,17.5,19.5,22.0,25.2,29.5,35.5
male,18,8,15.8,17.5,19.5,22.0,25.3,29.6,35.5
male,18,9,15.8,17.5,19.5,22.1,25.3,29.6,35.5
male,18,10,15.8,17.5,19.6,22.1,25.4,29.6,35.5
male,18,11,15.8,17.5,19.6,22.2,25.4,29.7,35.5
male,19,0,15.9,17.6,19.6,22.2,25.4,29.7,35.5
female,5,1,11.8,12.7,13.9,15.2,16.9,18.9,21.3
female,5,2,11.8,12.7,13.9,15.2,16.9,18.9,21.4
female,5,3,11.8,12.7,13.9,15.2,16.9,18.9,21.5
female,5,4,11.8,12.7,13.9,15.2,16.9,18.9,21.5
female,5,5,11.7,12.7,13.9,15.2,16.9,19.0,21.6
female,5,6,11.7,12.7,13.9,15.2,16.9,19.0,21.7
female,5,7,11.7,12.7,13.9,15.2,16.9,19.0,21.7
female,5,8,11.7,12.7,13.9,15.3,16.9,19.1,21.8
female,5,9,11.7,12.7,13.9,15.3,17.0,19.1,21.9
female,5,10,11.7,12.7,13.9,15.3,17.0,19.1,22.0
female,5,11,11.7,12.7,13.9,15.3,17.0,19.2,22.1
female,6,0,11.7,12.7,13.9,15.3,17.0,19.2,22.1
female,6,1,11.7,12.7,13.9,15.3,17.0,19.3,22.2
female,6,2,11.7,12.7,13.9,15.3,17.0,19.3,22.3
female,6,3,11.7,12.7,13.9,15.3,17.1,19.3,22.4
female,6,4,11.7,12.7,13.9,15.3,17.1,19.4,22.5
female,6,5,11.7,12.7,13.9,15.3,17.1,19.4,22.6
female,6,6,11.7,12.7,13.9,15.3,17.1,19.5,22.7
female,6,7,11.7,12.7,13.9,15.3,17.2,19.5,22.8
female,6,8,11.7,12.7,13.9,15.3,17.2,19.6,22.9
female,6,9,11.7,12.7,13.9,15.4,17.2,19.6,23.0
female,6,10,11.7,12.7,13.9,15.4,17.2,19.7,23.1
female,6,11,11.7,12.7,13.9,15.4,17.3,19.7,23.2
female,7,0,11.8,12.7,13.9,15.4,17.3,19.8,23.3
female,7,1,11.8,12.7,13.9,15.4,17.3,19.8,23.4
female,7,2,11.8,12.8,13.9,15.4,17.4,19.9,23.5
female,7,3,11.8,12.8,14.0,15.5,17.4,20.0,23.6
female,7,4,11.8,12.8,14.0,15.5,17.4,20.0,23.7
female,7,5,11.8,12.8,14.0,15.5,17.5,20.1,23.9
female,7,6,11.8,12.8,14.0,15.5,17.5,20.1,24.0
female,7,7,11.8,12.8,14.0,15.5,17.5,20.2,24.1
female,7,8,11.8,12.8,14.0,15.6,17.6,20.3,24.2
female,7,9,11.8,12.8,14.1,15.6,17.6,20.3,24.4
female,7,10,11.9,12.9,14.1,15.6,17.6,20.4,24.5
female,7,11,11.9,12.9,14.1,15.7,17.7,20.5,24.6
female,8,0,11.9,12.9,14.1,15.7,17.7,20.6,24.8
female,8,1,11.9,12.9,14.1,15.7,17.8,20.6,24.9
female,8,2,11.9,12.9,14.2,15.7,17.8,20.7,25.1
female,8,3,11.9,12.9,14.2,15.8,17.9,20.8,25.2
female,8,4,11.9,13.0,14.2,15.8,17.9,20.9,25.3
female,8,5,12.0,13.0,14.2,15.8,18.0,20.9,25.5
female,8,6,12.0,13.0,14.3,15.9,18.0,21.0,25.6
female,8,7,12.0,13.0,14.3,15.9,18.1,21.1,25.8
female,8,8,12.0,13.0,14.3,15.9,18.1,21.2,25.9
female,8,9,12.0,13.1,14.3,16.0,18.2,21.3,26.1
female,8,10,12.1,13.1,14.4,16.0,18.2,21.3,26.2
female,8,11,12.1,13.1,14.4,16.1,18.3,21.4,26.4
female,9,0,12.1,13.1,14.4,16.1,18.3,21.5,26.5
female,9,1,12.1,13.2,14.5,16.1,18.4,21.6,26.7
female,9,2,12.1,13.2,14.5,16.2,18.4,21.7,26.8
female,9,3,12.2,13.2,14.5,16.2,18.5,21.8,27.0
female,9,4,12.2,13.2,14.6,16.3,18.6,21.9,27.2
female,9,5,12.2,13.3,14.6,16.3,18.6,21.9,27.3
female,9,6,12.2,13.3,14.6,16.3,18.7,22.0,27.5
female,9,7,12.3,13.3,14.7,16.4,18.7,22.1,27.6
female,9,8,12.3,13.4,14.7,16.4,18.8,22.2,27.8
female,9,9,12.3,13.4,14.7,16.5,18.8,22.3,27.9
female,9,10,12.3,13.4,14.8,16.5,18.9,22.4,28.1
female,9,11,12.4,13.4,14.8,16.6,19.0,22.5,28.2
female,10,0,12.4,13.5,14.8,16.6,19.0,22.6,28.4
female,10,1,12.4,13.5,14.9,16.7,19.1,22.7,28.5
female,10,2,12.4,13.5,14.9,16.7,19.2,22.8,28.7
female,10,3,12.5,13.6,15.0,16.8,19.2,22.8,28.8
female,10,4,12.5,13.6,15.0,16.8,19.3,22.9,29.0
female,10,5,12.5,13.6,15.0,16.9,19.4,23.0,29.1
female,10,6,12.5,13.7,15.1,16.9,19.4,23.1,29.3
female,10,7,12.6,13.7,15.1,17.0,19.5,23.2,29.4
female,10,8,12.6,13.7,15.2,17.0,19.6,23.3,29.6
female,10,9,12.6,13.8,15.2,17.1,19.6,23.4,29.7
female,10,10,12.7,13.8,15.3,17.1,19.7,23.5,29.9
female,10,11,12.7,13.8,15.3,17.2,19.8,23.6,30.0
female,11,0,12.7,13.9,15.3,17.2,19.9,23.7,30.2
female,11,1,12.8,13.9,15.4,17.3,19.9,23.8,30.3
female,11,2,12.8,14.0,15.4,17.4,20.0,23.9,30.5
female,11,3,12.8,14.0,15.5,17.4,20.1,24.0,30.6
female,11,4,12.9,14.0,15.5,17.5,20.2,24.1,30.8
female,11,5,12.9,14.1,15.6,17.5,20.2,24.2,30.9
female,11,6,12.9,14.1,15.6,17.6,20.3,24.3,31.1
female,11,7,13.0,14.2,15.7,17.7,20.4,24.4,31.2
female,11,8,13.0,14.2,15.7,17.7,20.5,24.5,31.4
female,11,9,13.0,14.3,15.8,17.8,20.6,24.7,31.5
female,11,10,13.1,14.3,15.8,17.9,20.6,24.8,31.6
female,11,11,13.1,14.3,15.9,17.9,20.7,24.9,31.8
female,12,0,13.2,14.4,16.0,18.0,20.8,25.0,31.9
female,12,1,13.2,14.4,16.0,18.1,20.9,25.1,32.0
female,12,2,13.2,14.5,16.1,18.1,21.0,25.2,32.2
female,12,3,13.3,14.5,16.1,18.2,21.1,25.3,32.3
female,12,4,13.3,14.6,16.2,18.3,21.1,25.4,32.4
female,12,5,13.3,14.6,16.2,18.3,21.2,25.5,32.6
female,12,6,13.4,14.7,16.3,18.4,21.3,25.6,32.7
female,12,7,13.4,14.7,16.3,18.5,21.4,25.7,32.8
female,12,8,13.5,14.8,16.4,18.5,21.5,25.8,33.0
female,12,9,13.5,14.8,16.4,18.6,21.6,25.9,33.1
female,12,10,13.5,14.8,16.5,18.7,21.6,26.0,33.2
female,12,11,13.6,14.9,16.6,18.7,21.7,26.1,33.3
female,13,0,13.6,14.9,16.6,18.8,21.8,26.2,33.4
female,13,1,13.6,15.0,16.7,18.9,21.9,26.3,33.6
female,13,2,13.7,15.0,16.7,18.9,22.0,26.4,33.7
female,13,3,13.7,15.1,16.8,19.0,22.0,26.5,33.8
female,13,4,13.8,15.1,16.8,19.1,22.1,26.6,33.9
female,13,5,13.8,15.2,16.9,19.1,22.2,26.7,34.0
female,13,6,13.8,15.2,16.9,19.2,22.3,26.8,34.1
female,13,7,13.9,15.2,17.0,19.3,22.4,26.9,34.2
female,13,8,13.9,15.3,17.0,19.3,22.4,27.0,34.3
female,13,9,13.9,15.3,17.1,19.4,22.5,27.1,34.4
female,13,10,14.0,15.4,17.1,19.4,22.6,27.1,34.5
female,13,11,14.0,15.4,17.2,19.5,22.7,27.2,34.6
female,14,0,14.0,15.4,17.2,19.6,22.7,27.3,34.7
female,14,1,14.1,15.5,17.3,19.6,22.8,27.4,34.7
female,14,2,14.1,15.5,17.3,19.7,22.9,27.5,34.8
female,14,3,14.1,15.6,17.4,19.7,22.9,27.6,34.9
female,14,4,14.1,15.6,17.4,19.8,23.0,27.6,35.0
female,14,5,14.2,15.6,17.5,19.9,23.1,27.7,35.1
female,14,6,14.2,15.7,17.5,19.9,23.1,27.8,35.1
female,14,7,14.2,15.7,17.6,20.0,23.2,27.9,35.2
female,14,8,14.3,15.7,17.6,20.0,23.3,28.0,35.3
female,14,9,14.3,15.8,17.6,20.1,23.3,28.0,35.4
female,14,10,14.3,15.8,17.7,20.1,23.4,28.1,35.4
female,14,11,14.3,15.8,17.7,20.2,23.5,28.2,35.5
female,15,0,14.4,15.9,17.8,20.2,23.5,28.2,35.5
female,15,1,14.4,15.9,17.8,20.3,23.6,28.3,35.6
female,15,2,14.4,15.9,17.8,20.3,23.6,28.4,35.6
female,15,3,14.4,16.0,17.9,20.4,23.7,28.4,35.7
female,15,4,14.4,16.0,17.9,20.4,23.7,28.5,35.8
female,15,5,14.5,16.0,17.9,20.4,23.8,28.5,35.8
female,15,6,14.5,16.0,18.0,20.5,23.8,28.6,35.8
female,15,7,14.5,16.1,18.0,20.5,23.9,28.6,35.9
female,15,8,14.5,16.1,18.0,20.6,23.9,28.7,35.9
female,15,9,14.5,16.1,18.1,20.6,24.0,28.7,36.0
female,15,10,14.6,16.1,18.1,20.6,24.0,28.8,36.0
female,15,11,14.6,16.2,18.1,20.7,24.1,28.8,36.0
female,16,0,14.6,16.2,18.2,20.7,24.1,28.9,36.1
female,16,1,14.6,16.2,18.2,20.7,24.1,28.9,36.1
female,16,2,14.6,16.2,18.2,20.8,24.2,29.0,36.1
female,16,3,14.6,16.2,18.2,20.8,24.2,29.0,36.1
female,16,4,14.6,16.2,18.3,20.8,24.3,29.0,36.2
female,16,5,14.6,16.3,18.3,20.9,24.3,29.1,36.2
female,16,6,14.7,16.3,18.3,20.9,24.3,29.1,36.2
female,16,7,14.7,16.3,18.3,20.9,24.4,29.1,36.2
female,16,8,14.7,16.3,18.3,20.9,24.4,29.2,36.2
female,16,9,14.7,16.3,18.4,21.0,24.4,29.2,36.3
female,16,10,14.7,16.3,18.4,21.0,24.4,29.2,36.3
female,16,11,14.7,16.3,18.4,21.0,24.5,29.3,36.3
female,17,0,14.7,16.4,18.4,21.0,24.5,29.3,36.3
female,17,1,14.7,16.4,18.4,21.1,24.5,29.3,36.3
female,17,2,14.7,16.4,18.4,21.1,24.6,29.3,36.3
female,17,3,14.7,16.4,18.5,21.1,24.6,29.4,36.3
female,17,4,14.7,16.4,18.5,21.1,24.6,29.4,36.3
female,17,5,14.7,16.4,18.5,21.1,24.6,29.4,36.3
female,17,6,14.7,16.4,18.5,21.2,24.6,29.4,36.3
female,17,7,14.7,16.4,18.5,21.2,24.7,29.4,36.3
female,17,8,14.7,16.4,18.5,21.2,24.7,29.5,36.3
female,17,9,14.7,16.4,18.5,21.2,24.7,29.5,36.3
female,17,10,14.7,16.4,18.5,21.2,24.7,29.5,36.3
female,17,11,14.7,16.4,18.6,21.2,24.8,29.5,36.3
female,18,0,14.7,16.4,18.6,21.3,24.8,29.5,36.3
female,18,1,14.7,16.5,18.6,21.3,24.8,29.5,36.3
female,18,2,14.7,16.5,18.6,21.3,24.8,29.6,36.3
female,18,3,14.7,16.5,18.6,21.3,24.8,29.6,36.3
female,18,4,14.7,16.5,18.6,21.3,24.8,29.6,36.3
female,18,5,14.7,16.5,18.6,21.3,24.9,29.6,36.2
female,18,6,14.7,16.5,18.6,21.3,24.9,29.6,36.2
female,18,7,14.7,16.5,18.6,21.4,24.9,29.6,36.2
female,18,8,14.7,16.5,18.6,21.4,24.9,29.6,36.2
female,18,9,14.7,16.5,18.7,21.4,24.9,29.6,36.2
female,18,10,14.7,16.5,18.7,21.4,24.9,29.6,36.2
female,18,11,14.7,16.5,18.7,21.4,25.0,29.7,36.2
female,19,0,14.7,16.5,18.7,21.4,25.0,29.7,36.2
